customer_id,age,income,spending,region,subscribed
1,25,61.3,39.1,West,No
2,25,54.9,42.1,South,Yes
3,51,105.1,59.9,South,No
4,39,,49.9,South,No
5,43,72.4,48.3,East,No
6,44,84.7,47.1,East,No
7,48,92.9,60.0,East,Yes
8,21,53.3,36.0,South,No
9,39,71.9,48.9,East,Yes
10,25,70.4,42.1,east,Yes
11,36,92.2,62.6,East,Yes
12,57,106.1,66.7,East,Yes
13,41,81.8,49.8,South,Yes
14,22,70.2,48.9,West,No
15,41,96.4,65.8,East,Yes
16,25,67.0,54.2,West,Yes
17,50,105.4,53.3,East,Yes
18,57,,74.7,West,No
19,59,108.7,67.1,East,Yes
20,44,84.7,51.8,East,Yes
21,54,108.3,58.1,East,No
22,34,83.3,59.2,West,No
23,25,81.0,42.9,West,No
24,40,75.2,51.0,East,Yes
25,37,77.8,56.7,West,No
26,46,-50.0,43.8,East,Yes
27,59,93.5,54.9,East,No
28,31,78.5,41.4,East,Yes
29,54,110.1,66.5,East,Yes
30,25,62.6,50.4,South,No
31,33,93.5,68.9,East,Yes
32,51,109.4,54.0,East,Yes
33,29,81.1,47.1,West,No
34,46,99.2,63.8,South,No
35,38,95.2,67.1,South,No
36,40,74.7,49.9,West,No
37,57,114.5,62.8,East,No
38,52,108.4,66.0,South,Yes
39,53,85.9,52.9,West,No
40,41,92.7,55.1,East,Yes
